uri,fullName,firstName,lastName,image,memberCode,houses,houseCodes,parties,constituencies,representTypes,committees
https://data.oireachtas.ie/ie/oireachtas/member/id/Garret-Ahearn.S.2020-03-30,Garret Ahearn,Garret,Ahearn,False,Garret-Ahearn.S.2020-03-30,27th Seanad,seanad,Fine Gael,Administrative Panel,panel,
https://data.oireachtas.ie/ie/oireachtas/member/id/Ciarán-Ahern.D.2024-11-29,Ciarán Ahern,Ciarán,Ahern,False,Ciarán-Ahern.D.2024-11-29,34th Dáil,dail,Labour Party,Dublin South-West,constituency,
https://data.oireachtas.ie/ie/oireachtas/member/id/William-Aird.D.2024-11-29,William Aird,William,Aird,False,William-Aird.D.2024-11-29,34th Dáil,dail,Fine Gael,Laois,constituency,
https://data.oireachtas.ie/ie/oireachtas/member/id/Chris-Andrews.D.2007-06-14,Chris Andrews,Chris,Andrews,False,Chris-Andrews.D.2007-06-14,27th Seanad,seanad,Sinn Féin,Labour Panel,panel,
https://data.oireachtas.ie/ie/oireachtas/member/id/Catherine-Ardagh.S.2016-04-25,Catherine Ardagh,Catherine,Ardagh,False,Catherine-Ardagh.S.2016-04-25,34th Dáil,dail,Fianna Fáil,Dublin South-Central,constituency,
https://data.oireachtas.ie/ie/oireachtas/member/id/Ivana-Bacik.S.2007-07-23,Ivana Bacik,Ivana,Bacik,False,Ivana-Bacik.S.2007-07-23,34th Dáil,dail,Labour Party,Dublin Bay South,constituency,
https://data.oireachtas.ie/ie/oireachtas/member/id/Cathy-Bennett.D.2024-11-29,Cathy Bennett,Cathy,Bennett,False,Cathy-Bennett.D.2024-11-29,34th Dáil,dail,Sinn Féin,Cavan-Monaghan,constituency,
https://data.oireachtas.ie/ie/oireachtas/member/id/Frances-Black.S.2016-04-25,Frances Black,Frances,Black,False,Frances-Black.S.2016-04-25,27th Seanad,seanad,Independent,Industrial and Commercial Panel,panel,
https://data.oireachtas.ie/ie/oireachtas/member/id/Niall-Blaney.D.2002-06-06,Niall Blaney,Niall,Blaney,False,Niall-Blaney.D.2002-06-06,27th Seanad,seanad,Fianna Fáil,Agricultural Panel,panel,
https://data.oireachtas.ie/ie/oireachtas/member/id/Grace-Boland.D.2024-11-29,Grace Boland,Grace,Boland,False,Grace-Boland.D.2024-11-29,34th Dáil,dail,Fine Gael,Dublin Fingal West,constituency,
https://data.oireachtas.ie/ie/oireachtas/member/id/Richard-Boyd-Barrett.D.2011-03-09,Richard Boyd Barrett,Richard,Boyd Barrett,False,Richard-Boyd-Barrett.D.2011-03-09,34th Dáil,dail,People Before Profit-Solidarity,Dún Laoghaire,constituency,
https://data.oireachtas.ie/ie/oireachtas/member/id/Victor-Boyhan.S.2016-04-25,Victor Boyhan,Victor,Boyhan,False,Victor-Boyhan.S.2016-04-25,27th Seanad,seanad,Independent,Agricultural Panel,panel,
https://data.oireachtas.ie/ie/oireachtas/member/id/Manus-Boyle.S.2025-01-29,Manus Boyle,Manus,Boyle,False,Manus-Boyle.S.2025-01-29,27th Seanad,seanad,Fine Gael,Nominated by the Taoiseach,panel,
https://data.oireachtas.ie/ie/oireachtas/member/id/Tom-Brabazon.D.2024-11-29,Tom Brabazon,Tom,Brabazon,False,Tom-Brabazon.D.2024-11-29,34th Dáil,dail,Fianna Fáil,Dublin Bay North,constituency,
https://data.oireachtas.ie/ie/oireachtas/member/id/Nikki-Bradley.S.2024-07-10,Nikki Bradley,Nikki,Bradley,False,Nikki-Bradley.S.2024-07-10,27th Seanad,seanad,Fine Gael,Nominated by the Taoiseach,panel,
https://data.oireachtas.ie/ie/oireachtas/member/id/John-Brady.D.2016-10-03,John Brady,John,Brady,False,John-Brady.D.2016-10-03,34th Dáil,dail,Sinn Féin,Wicklow,constituency,
https://data.oireachtas.ie/ie/oireachtas/member/id/Paraic-Brady.S.2025-01-29,Paraic Brady,Paraic,Brady,False,Paraic-Brady.S.2025-01-29,27th Seanad,seanad,Fine Gael,Agricultural Panel,panel,
https://data.oireachtas.ie/ie/oireachtas/member/id/Brian-Brennan.D.2024-11-29,Brian Brennan,Brian,Brennan,False,Brian-Brennan.D.2024-11-29,34th Dáil,dail,Fine Gael,Wicklow-Wexford,constituency,
https://data.oireachtas.ie/ie/oireachtas/member/id/Shay-Brennan.D.2024-11-29,Shay Brennan,Shay,Brennan,False,Shay-Brennan.D.2024-11-29,34th Dáil,dail,Fianna Fáil,Dublin Rathdown,constituency,
https://data.oireachtas.ie/ie/oireachtas/member/id/Colm-Brophy.D.2016-10-03,Colm Brophy,Colm,Brophy,False,Colm-Brophy.D.2016-10-03,34th Dáil,dail,Fine Gael,Dublin South-West,constituency,
https://data.oireachtas.ie/ie/oireachtas/member/id/James-Browne.D.2016-10-03,James Browne,James,Browne,False,James-Browne.D.2016-10-03,34th Dáil,dail,Fianna Fáil,Wexford,constituency,
https://data.oireachtas.ie/ie/oireachtas/member/id/Pat-Buckley.D.2016-10-03,Pat Buckley,Pat,Buckley,False,Pat-Buckley.D.2016-10-03,34th Dáil,dail,Sinn Féin,Cork East,constituency,
https://data.oireachtas.ie/ie/oireachtas/member/id/Colm-Burke.S.2011-05-25,Colm Burke,Colm,Burke,False,Colm-Burke.S.2011-05-25,34th Dáil,dail,Fine Gael,Cork North-Central,constituency,
https://data.oireachtas.ie/ie/oireachtas/member/id/Peter-Burke.D.2016-10-03,Peter Burke,Peter,Burke,False,Peter-Burke.D.2016-10-03,34th Dáil,dail,Fine Gael,Longford-Westmeath,constituency,
https://data.oireachtas.ie/ie/oireachtas/member/id/Mary-Butler.D.2016-10-03,Mary Butler,Mary,Butler,False,Mary-Butler.D.2016-10-03,34th Dáil,dail,Fianna Fáil,Waterford,constituency,
https://data.oireachtas.ie/ie/oireachtas/member/id/Paula-Butterly.D.2024-11-29,Paula Butterly,Paula,Butterly,False,Paula-Butterly.D.2024-11-29,34th Dáil,dail,Fine Gael,Louth,constituency,
https://data.oireachtas.ie/ie/oireachtas/member/id/Jerry-Buttimer.S.2007-07-23,Jerry Buttimer,Jerry,Buttimer,False,Jerry-Buttimer.S.2007-07-23,34th Dáil,dail,Fine Gael,Cork South-Central,constituency,
https://data.oireachtas.ie/ie/oireachtas/member/id/Cathal-Byrne.S.2025-01-29,Cathal Byrne,Cathal,Byrne,False,Cathal-Byrne.S.2025-01-29,27th Seanad,seanad,Fine Gael,Cultural and Educational Panel,panel,
https://data.oireachtas.ie/ie/oireachtas/member/id/Joanna-Byrne.D.2024-11-29,Joanna Byrne,Joanna,Byrne,False,Joanna-Byrne.D.2024-11-29,34th Dáil,dail,Sinn Féin,Louth,constituency,
https://data.oireachtas.ie/ie/oireachtas/member/id/Malcolm-Byrne.D.2019-11-29,Malcolm Byrne,Malcolm,Byrne,False,Malcolm-Byrne.D.2019-11-29,34th Dáil,dail,Fianna Fáil,Wicklow-Wexford,constituency,
https://data.oireachtas.ie/ie/oireachtas/member/id/Maria-Byrne.S.2016-04-25,Maria Byrne,Maria,Byrne,False,Maria-Byrne.S.2016-04-25,27th Seanad,seanad,Fine Gael,Agricultural Panel,panel,
https://data.oireachtas.ie/ie/oireachtas/member/id/Thomas-Byrne.D.2007-06-14,Thomas Byrne,Thomas,Byrne,False,Thomas-Byrne.D.2007-06-14,34th Dáil,dail,Fianna Fáil,Meath East,constituency,
https://data.oireachtas.ie/ie/oireachtas/member/id/Michael-Cahill.D.2024-11-29,Michael Cahill,Michael,Cahill,False,Michael-Cahill.D.2024-11-29,34th Dáil,dail,Fianna Fáil,Kerry,constituency,
https://data.oireachtas.ie/ie/oireachtas/member/id/Holly-Cairns.D.2020-02-08,Holly Cairns,Holly,Cairns,False,Holly-Cairns.D.2020-02-08,34th Dáil,dail,Social Democrats,Cork South-West,constituency,
https://data.oireachtas.ie/ie/oireachtas/member/id/Catherine-Callaghan.D.2024-11-29,Catherine Callaghan,Catherine,Callaghan,False,Catherine-Callaghan.D.2024-11-29,34th Dáil,dail,Fine Gael,Carlow-Kilkenny,constituency,
https://data.oireachtas.ie/ie/oireachtas/member/id/Dara-Calleary.D.2007-06-14,Dara Calleary,Dara,Calleary,False,Dara-Calleary.D.2007-06-14,34th Dáil,dail,Fianna Fáil,Mayo,constituency,
https://data.oireachtas.ie/ie/oireachtas/member/id/Seán-Canney.D.2016-10-03,Seán Canney,Seán,Canney,False,Seán-Canney.D.2016-10-03,34th Dáil,dail,Independent,Galway East,constituency,
https://data.oireachtas.ie/ie/oireachtas/member/id/Micheál-Carrigy.S.2020-03-30,Micheál Carrigy,Micheál,Carrigy,False,Micheál-Carrigy.S.2020-03-30,34th Dáil,dail,Fine Gael,Longford-Westmeath,constituency,
https://data.oireachtas.ie/ie/oireachtas/member/id/Jennifer-Carroll-MacNeill.D.2020-02-08,Jennifer Carroll MacNeill,Jennifer,Carroll MacNeill,False,Jennifer-Carroll-MacNeill.D.2020-02-08,34th Dáil,dail,Fine Gael,Dún Laoghaire,constituency,
https://data.oireachtas.ie/ie/oireachtas/member/id/Matt-Carthy.D.2020-02-08,Matt Carthy,Matt,Carthy,False,Matt-Carthy.D.2020-02-08,34th Dáil,dail,Sinn Féin,Cavan-Monaghan,constituency,
https://data.oireachtas.ie/ie/oireachtas/member/id/Pat-Casey.D.2016-10-03,Pat Casey,Pat,Casey,False,Pat-Casey.D.2016-10-03,27th Seanad,seanad,Fianna Fáil,Labour Panel,panel,
https://data.oireachtas.ie/ie/oireachtas/member/id/Jack-Chambers.D.2016-10-03,Jack Chambers,Jack,Chambers,False,Jack-Chambers.D.2016-10-03,34th Dáil,dail,Fianna Fáil,Dublin West,constituency,
https://data.oireachtas.ie/ie/oireachtas/member/id/Sorca-Clarke.D.2020-02-08,Sorca Clarke,Sorca,Clarke,False,Sorca-Clarke.D.2020-02-08,34th Dáil,dail,Sinn Féin,Longford-Westmeath,constituency,
https://data.oireachtas.ie/ie/oireachtas/member/id/Peter-'Chap'-Cleere.D.2024-11-29,Peter 'Chap' Cleere,Peter 'Chap',Cleere,False,Peter-'Chap'-Cleere.D.2024-11-29,34th Dáil,dail,Fianna Fáil,Carlow-Kilkenny,constituency,
https://data.oireachtas.ie/ie/oireachtas/member/id/John-Clendennen.D.2024-11-29,John Clendennen,John,Clendennen,False,John-Clendennen.D.2024-11-29,34th Dáil,dail,Fine Gael,Offaly,constituency,
https://data.oireachtas.ie/ie/oireachtas/member/id/Lorraine-Clifford-Lee.S.2016-04-25,Lorraine Clifford-Lee,Lorraine,Clifford-Lee,False,Lorraine-Clifford-Lee.S.2016-04-25,27th Seanad,seanad,Fianna Fáil,Nominated by the Taoiseach,panel,
https://data.oireachtas.ie/ie/oireachtas/member/id/Tom-Clonan.S.2022-04-04,Tom Clonan,Tom,Clonan,False,Tom-Clonan.S.2022-04-04,27th Seanad,seanad,Independent,University of Dublin,panel,
https://data.oireachtas.ie/ie/oireachtas/member/id/Joanne-Collins.S.2025-01-29,Joanne Collins,Joanne,Collins,False,Joanne-Collins.S.2025-01-29,27th Seanad,seanad,Sinn Féin,Agricultural Panel,panel,
https://data.oireachtas.ie/ie/oireachtas/member/id/Michael-Collins.D.2016-10-03,Michael Collins,Michael,Collins,False,Michael-Collins.D.2016-10-03,34th Dáil,dail,Independent Ireland,Cork South-West,constituency,
https://data.oireachtas.ie/ie/oireachtas/member/id/Niall-Collins.D.2007-06-14,Niall Collins,Niall,Collins,False,Niall-Collins.D.2007-06-14,34th Dáil,dail,Fianna Fáil,Limerick County,constituency,
https://data.oireachtas.ie/ie/oireachtas/member/id/Alison-Comyn.S.2025-01-29,Alison Comyn,Alison,Comyn,False,Alison-Comyn.S.2025-01-29,27th Seanad,seanad,Fianna Fáil,Nominated by the Taoiseach,panel,
https://data.oireachtas.ie/ie/oireachtas/member/id/John-Connolly.D.2024-11-29,John Connolly,John,Connolly,False,John-Connolly.D.2024-11-29,34th Dáil,dail,Fianna Fáil,Galway West,constituency,
https://data.oireachtas.ie/ie/oireachtas/member/id/Joe-Conway.S.2025-01-29,Joe Conway,Joe,Conway,False,Joe-Conway.S.2025-01-29,27th Seanad,seanad,Independent,Cultural and Educational Panel,panel,
https://data.oireachtas.ie/ie/oireachtas/member/id/Martin-Conway.S.2011-05-25,Martin Conway,Martin,Conway,False,Martin-Conway.S.2011-05-25,27th Seanad,seanad,Fine Gael,Administrative Panel,panel,
https://data.oireachtas.ie/ie/oireachtas/member/id/Rose-Conway-Walsh.S.2016-04-25,Rose Conway-Walsh,Rose,Conway-Walsh,False,Rose-Conway-Walsh.S.2016-04-25,34th Dáil,dail,Sinn Féin,Mayo,constituency,
https://data.oireachtas.ie/ie/oireachtas/member/id/Joe-Cooney.D.2024-11-29,Joe Cooney,Joe,Cooney,False,Joe-Cooney.D.2024-11-29,34th Dáil,dail,Fine Gael,Clare,constituency,
https://data.oireachtas.ie/ie/oireachtas/member/id/Ruth-Coppinger.D.2014-05-23,Ruth Coppinger,Ruth,Coppinger,False,Ruth-Coppinger.D.2014-05-23,34th Dáil,dail,People Before Profit-Solidarity,Dublin West,constituency,
https://data.oireachtas.ie/ie/oireachtas/member/id/Nessa-Cosgrove.S.2025-01-29,Nessa Cosgrove,Nessa,Cosgrove,False,Nessa-Cosgrove.S.2025-01-29,27th Seanad,seanad,Labour Party,Labour Panel,panel,
https://data.oireachtas.ie/ie/oireachtas/member/id/Teresa-Costello.S.2025-01-29,Teresa Costello,Teresa,Costello,False,Teresa-Costello.S.2025-01-29,27th Seanad,seanad,Fianna Fáil,Agricultural Panel,panel,
https://data.oireachtas.ie/ie/oireachtas/member/id/Gerard-P-Craughwell.S.2014-10-10,Gerard P. Craughwell,Gerard P.,Craughwell,False,Gerard-P-Craughwell.S.2014-10-10,27th Seanad,seanad,Independent,Labour Panel,panel,
https://data.oireachtas.ie/ie/oireachtas/member/id/Réada-Cronin.D.2020-02-08,Réada Cronin,Réada,Cronin,False,Réada-Cronin.D.2020-02-08,34th Dáil,dail,Sinn Féin,Kildare North,constituency,
https://data.oireachtas.ie/ie/oireachtas/member/id/Cathal-Crowe.D.2020-02-08,Cathal Crowe,Cathal,Crowe,False,Cathal-Crowe.D.2020-02-08,34th Dáil,dail,Fianna Fáil,Clare,constituency,
https://data.oireachtas.ie/ie/oireachtas/member/id/Ollie-Crowe.S.2020-03-30,Ollie Crowe,Ollie,Crowe,False,Ollie-Crowe.S.2020-03-30,27th Seanad,seanad,Fianna Fáil,Industrial and Commercial Panel,panel,
https://data.oireachtas.ie/ie/oireachtas/member/id/Seán-Crowe.D.2002-06-06,Seán Crowe,Seán,Crowe,False,Seán-Crowe.D.2002-06-06,34th Dáil,dail,Sinn Féin,Dublin South-West,constituency,
https://data.oireachtas.ie/ie/oireachtas/member/id/David-Cullinane.S.2011-05-25,David Cullinane,David,Cullinane,False,David-Cullinane.S.2011-05-25,34th Dáil,dail,Sinn Féin,Waterford,constituency,
https://data.oireachtas.ie/ie/oireachtas/member/id/Jen-Cummins.D.2024-11-29,Jen Cummins,Jen,Cummins,False,Jen-Cummins.D.2024-11-29,34th Dáil,dail,Social Democrats,Dublin South-Central,constituency,
https://data.oireachtas.ie/ie/oireachtas/member/id/John-Cummins.S.2020-03-30,John Cummins,John,Cummins,False,John-Cummins.S.2020-03-30,34th Dáil,dail,Fine Gael,Waterford,constituency,
https://data.oireachtas.ie/ie/oireachtas/member/id/Shane-Curley.S.2025-01-29,Shane Curley,Shane,Curley,False,Shane-Curley.S.2025-01-29,27th Seanad,seanad,Fianna Fáil,Cultural and Educational Panel,panel,
https://data.oireachtas.ie/ie/oireachtas/member/id/Emer-Currie.S.2020-06-29,Emer Currie,Emer,Currie,False,Emer-Currie.S.2020-06-29,34th Dáil,dail,Fine Gael,Dublin West,constituency,
https://data.oireachtas.ie/ie/oireachtas/member/id/Mark-Daly.S.2007-07-23,Mark Daly,Mark,Daly,False,Mark-Daly.S.2007-07-23,27th Seanad,seanad,Fianna Fáil,Administrative Panel,panel,
https://data.oireachtas.ie/ie/oireachtas/member/id/Martin-Daly.D.2024-11-29,Martin Daly,Martin,Daly,False,Martin-Daly.D.2024-11-29,34th Dáil,dail,Fianna Fáil,Roscommon-Galway,constituency,
https://data.oireachtas.ie/ie/oireachtas/member/id/Pa-Daly.D.2020-02-08,Pa Daly,Pa,Daly,False,Pa-Daly.D.2020-02-08,34th Dáil,dail,Sinn Féin,Kerry,constituency,
https://data.oireachtas.ie/ie/oireachtas/member/id/Paul-Daly.S.2016-04-25,Paul Daly,Paul,Daly,False,Paul-Daly.S.2016-04-25,27th Seanad,seanad,Fianna Fáil,Agricultural Panel,panel,
https://data.oireachtas.ie/ie/oireachtas/member/id/Aidan-Davitt.S.2016-04-25,Aidan Davitt,Aidan,Davitt,False,Aidan-Davitt.S.2016-04-25,27th Seanad,seanad,Fianna Fáil,Industrial and Commercial Panel,panel,
https://data.oireachtas.ie/ie/oireachtas/member/id/Aisling-Dempsey.D.2024-11-29,Aisling Dempsey,Aisling,Dempsey,False,Aisling-Dempsey.D.2024-11-29,34th Dáil,dail,Fianna Fáil,Meath West,constituency,
https://data.oireachtas.ie/ie/oireachtas/member/id/Máire-Devine.S.2016-04-25,Máire Devine,Máire,Devine,False,Máire-Devine.S.2016-04-25,34th Dáil,dail,Sinn Féin,Dublin South-Central,constituency,
https://data.oireachtas.ie/ie/oireachtas/member/id/Cormac-Devlin.D.2020-02-08,Cormac Devlin,Cormac,Devlin,False,Cormac-Devlin.D.2020-02-08,34th Dáil,dail,Fianna Fáil,Dún Laoghaire,constituency,
https://data.oireachtas.ie/ie/oireachtas/member/id/Alan-Dillon.D.2020-02-08,Alan Dillon,Alan,Dillon,False,Alan-Dillon.D.2020-02-08,34th Dáil,dail,Fine Gael,Mayo,constituency,
https://data.oireachtas.ie/ie/oireachtas/member/id/Pearse-Doherty.S.2007-07-23,Pearse Doherty,Pearse,Doherty,False,Pearse-Doherty.S.2007-07-23,34th Dáil,dail,Sinn Féin,Donegal,constituency,
https://data.oireachtas.ie/ie/oireachtas/member/id/Albert-Dolan.D.2024-11-29,Albert Dolan,Albert,Dolan,False,Albert-Dolan.D.2024-11-29,34th Dáil,dail,Fianna Fáil,Galway East,constituency,
https://data.oireachtas.ie/ie/oireachtas/member/id/Paul-Donnelly.D.2020-02-08,Paul Donnelly,Paul,Donnelly,False,Paul-Donnelly.D.2020-02-08,34th Dáil,dail,Sinn Féin,Dublin West,constituency,
https://data.oireachtas.ie/ie/oireachtas/member/id/Paschal-Donohoe.S.2007-07-23,Paschal Donohoe,Paschal,Donohoe,False,Paschal-Donohoe.S.2007-07-23,34th Dáil,dail,Fine Gael,Dublin Central,constituency,
https://data.oireachtas.ie/ie/oireachtas/member/id/Timmy-Dooley.S.2002-09-12,Timmy Dooley,Timmy,Dooley,False,Timmy-Dooley.S.2002-09-12,34th Dáil,dail,Fianna Fáil,Clare,constituency,
https://data.oireachtas.ie/ie/oireachtas/member/id/Mark-Duffy.S.2025-01-29,Mark Duffy,Mark,Duffy,False,Mark-Duffy.S.2025-01-29,27th Seanad,seanad,Fine Gael,Labour Panel,panel,
https://data.oireachtas.ie/ie/oireachtas/member/id/Dessie-Ellis.D.2011-03-09,Dessie Ellis,Dessie,Ellis,False,Dessie-Ellis.D.2011-03-09,34th Dáil,dail,Sinn Féin,Dublin North-West,constituency,
https://data.oireachtas.ie/ie/oireachtas/member/id/Mairéad-Farrell.D.2020-02-08,Mairéad Farrell,Mairéad,Farrell,False,Mairéad-Farrell.D.2020-02-08,34th Dáil,dail,Sinn Féin,Galway West,constituency,
https://data.oireachtas.ie/ie/oireachtas/member/id/Aidan-Farrelly.D.2024-11-29,Aidan Farrelly,Aidan,Farrelly,False,Aidan-Farrelly.D.2024-11-29,34th Dáil,dail,Social Democrats,Kildare North,constituency,
https://data.oireachtas.ie/ie/oireachtas/member/id/Frank-Feighan.S.2002-09-12,Frankie Feighan,Frankie,Feighan,False,Frank-Feighan.S.2002-09-12,34th Dáil,dail,Fine Gael,Sligo-Leitrim,constituency,
https://data.oireachtas.ie/ie/oireachtas/member/id/Michael-Fitzmaurice.D.2014-10-10,Michael Fitzmaurice,Michael,Fitzmaurice,False,Michael-Fitzmaurice.D.2014-10-10,34th Dáil,dail,Independent Ireland,Roscommon-Galway,constituency,
https://data.oireachtas.ie/ie/oireachtas/member/id/Mary-Fitzpatrick.S.2020-06-29,Mary Fitzpatrick,Mary,Fitzpatrick,False,Mary-Fitzpatrick.S.2020-06-29,27th Seanad,seanad,Fianna Fáil,Industrial and Commercial Panel,panel,
https://data.oireachtas.ie/ie/oireachtas/member/id/Joe-Flaherty.D.2020-02-08,Joe Flaherty,Joe,Flaherty,False,Joe-Flaherty.D.2020-02-08,27th Seanad,seanad,Fianna Fáil,Nominated by the Taoiseach,panel,
https://data.oireachtas.ie/ie/oireachtas/member/id/Seán-Fleming.D.1997-06-26,Sean Fleming,Sean,Fleming,False,Seán-Fleming.D.1997-06-26,34th Dáil,dail,Fianna Fáil,Laois,constituency,
https://data.oireachtas.ie/ie/oireachtas/member/id/Eileen-Flynn.S.2020-06-29,Eileen Flynn,Eileen,Flynn,False,Eileen-Flynn.S.2020-06-29,27th Seanad,seanad,Independent,Administrative Panel,panel,
https://data.oireachtas.ie/ie/oireachtas/member/id/Norma-Foley.D.2020-02-08,Norma Foley,Norma,Foley,False,Norma-Foley.D.2020-02-08,34th Dáil,dail,Fianna Fáil,Kerry,constituency,
https://data.oireachtas.ie/ie/oireachtas/member/id/Pat-the-Cope-Gallagher.D.1981-06-30,Pat the Cope Gallagher,Pat the Cope,Gallagher,False,Pat-the-Cope-Gallagher.D.1981-06-30,34th Dáil,dail,Fianna Fáil,Donegal,constituency,
https://data.oireachtas.ie/ie/oireachtas/member/id/Robbie-Gallagher.S.2016-04-25,Robbie Gallagher,Robbie,Gallagher,False,Robbie-Gallagher.S.2016-04-25,27th Seanad,seanad,Fianna Fáil,Labour Panel,panel,
https://data.oireachtas.ie/ie/oireachtas/member/id/Gary-Gannon.D.2020-02-08,Gary Gannon,Gary,Gannon,False,Gary-Gannon.D.2020-02-08,34th Dáil,dail,Social Democrats,Dublin Central,constituency,
https://data.oireachtas.ie/ie/oireachtas/member/id/James-Geoghegan.D.2024-11-29,James Geoghegan,James,Geoghegan,False,James-Geoghegan.D.2024-11-29,34th Dáil,dail,Fine Gael,Dublin Bay South,constituency,
https://data.oireachtas.ie/ie/oireachtas/member/id/Sinéad-Gibney.D.2024-11-29,Sinéad Gibney,Sinéad,Gibney,False,Sinéad-Gibney.D.2024-11-29,34th Dáil,dail,Social Democrats,Dublin Rathdown,constituency,
https://data.oireachtas.ie/ie/oireachtas/member/id/Paul-Nicholas-Gogarty.D.2002-06-06,Paul Nicholas Gogarty,Paul Nicholas,Gogarty,False,Paul-Nicholas-Gogarty.D.2002-06-06,34th Dáil,dail,Independent,Dublin Mid-West,constituency,
https://data.oireachtas.ie/ie/oireachtas/member/id/Imelda-Goldsboro.S.2025-01-29,Imelda Goldsboro,Imelda,Goldsboro,False,Imelda-Goldsboro.S.2025-01-29,27th Seanad,seanad,Fianna Fáil,Nominated by the Taoiseach,panel,
https://data.oireachtas.ie/ie/oireachtas/member/id/Thomas-Gould.D.2020-02-08,Thomas Gould,Thomas,Gould,False,Thomas-Gould.D.2020-02-08,34th Dáil,dail,Sinn Féin,Cork North-Central,constituency,
https://data.oireachtas.ie/ie/oireachtas/member/id/Ann-Graves.D.2024-11-29,Ann Graves,Ann,Graves,False,Ann-Graves.D.2024-11-29,34th Dáil,dail,Sinn Féin,Dublin Fingal East,constituency,
https://data.oireachtas.ie/ie/oireachtas/member/id/Noel-Grealish.D.2002-06-06,Noel Grealish,Noel,Grealish,False,Noel-Grealish.D.2002-06-06,34th Dáil,dail,Independent,Galway West,constituency,
https://data.oireachtas.ie/ie/oireachtas/member/id/Johnny-Guirke.D.2020-02-08,Johnny Guirke,Johnny,Guirke,False,Johnny-Guirke.D.2020-02-08,34th Dáil,dail,Sinn Féin,Meath West,constituency,
https://data.oireachtas.ie/ie/oireachtas/member/id/Marian-Harkin.D.2002-06-06,Marian Harkin,Marian,Harkin,False,Marian-Harkin.D.2002-06-06,34th Dáil,dail,Independent,Sligo-Leitrim,constituency,
https://data.oireachtas.ie/ie/oireachtas/member/id/Laura-Harmon.S.2025-01-29,Laura Harmon,Laura,Harmon,False,Laura-Harmon.S.2025-01-29,27th Seanad,seanad,Labour Party,Industrial and Commercial Panel,panel,
https://data.oireachtas.ie/ie/oireachtas/member/id/Simon-Harris.D.2011-03-09,Simon Harris,Simon,Harris,False,Simon-Harris.D.2011-03-09,34th Dáil,dail,Fine Gael,Wicklow,constituency,
https://data.oireachtas.ie/ie/oireachtas/member/id/Eoin-Hayes.D.2024-11-29,Eoin Hayes,Eoin,Hayes,False,Eoin-Hayes.D.2024-11-29,34th Dáil,dail,"Independent, Social Democrats",Dublin Bay South,constituency,
https://data.oireachtas.ie/ie/oireachtas/member/id/Seamus-Healy.D.2000-06-22,Seamus Healy,Seamus,Healy,False,Seamus-Healy.D.2000-06-22,34th Dáil,dail,Independent,Tipperary South,constituency,
https://data.oireachtas.ie/ie/oireachtas/member/id/Danny-Healy-Rae.D.2016-10-03,Danny Healy-Rae,Danny,Healy-Rae,False,Danny-Healy-Rae.D.2016-10-03,34th Dáil,dail,Independent,Kerry,constituency,
https://data.oireachtas.ie/ie/oireachtas/member/id/Michael-Healy-Rae.D.2011-03-09,Michael Healy-Rae,Michael,Healy-Rae,False,Michael-Healy-Rae.D.2011-03-09,34th Dáil,dail,Independent,Kerry,constituency,
https://data.oireachtas.ie/ie/oireachtas/member/id/Rory-Hearne.D.2024-11-29,Rory Hearne,Rory,Hearne,False,Rory-Hearne.D.2024-11-29,34th Dáil,dail,Social Democrats,Dublin North-West,constituency,
https://data.oireachtas.ie/ie/oireachtas/member/id/Barry-Heneghan.D.2024-11-29,Barry Heneghan,Barry,Heneghan,False,Barry-Heneghan.D.2024-11-29,34th Dáil,dail,Independent,Dublin Bay North,constituency,
https://data.oireachtas.ie/ie/oireachtas/member/id/Martin-Heydon.D.2011-03-09,Martin Heydon,Martin,Heydon,False,Martin-Heydon.D.2011-03-09,34th Dáil,dail,Fine Gael,Kildare South,constituency,
https://data.oireachtas.ie/ie/oireachtas/member/id/Alice-Mary-Higgins.S.2016-04-25,Alice-Mary Higgins,Alice-Mary,Higgins,False,Alice-Mary-Higgins.S.2016-04-25,27th Seanad,seanad,Independent,National University of Ireland,panel,
https://data.oireachtas.ie/ie/oireachtas/member/id/Emer-Higgins.D.2020-02-08,Emer Higgins,Emer,Higgins,False,Emer-Higgins.D.2020-02-08,34th Dáil,dail,Fine Gael,Dublin Mid-West,constituency,
https://data.oireachtas.ie/ie/oireachtas/member/id/Garret-Kelleher.S.2025-01-29,Garret Kelleher,Garret,Kelleher,False,Garret-Kelleher.S.2025-01-29,27th Seanad,seanad,Fine Gael,Industrial and Commercial Panel,panel,
https://data.oireachtas.ie/ie/oireachtas/member/id/Alan-Kelly.S.2007-07-23,Alan Kelly,Alan,Kelly,False,Alan-Kelly.S.2007-07-23,34th Dáil,dail,Labour Party,Tipperary North,constituency,
https://data.oireachtas.ie/ie/oireachtas/member/id/Mike-Kennelly.S.2025-01-29,Mike Kennelly,Mike,Kennelly,False,Mike-Kennelly.S.2025-01-29,27th Seanad,seanad,Fine Gael,Labour Panel,panel,
https://data.oireachtas.ie/ie/oireachtas/member/id/Eoghan-Kenny.D.2024-11-29,Eoghan Kenny,Eoghan,Kenny,False,Eoghan-Kenny.D.2024-11-29,34th Dáil,dail,Labour Party,Cork North-Central,constituency,
https://data.oireachtas.ie/ie/oireachtas/member/id/Martin-Kenny.D.2016-10-03,Martin Kenny,Martin,Kenny,False,Martin-Kenny.D.2016-10-03,34th Dáil,dail,Sinn Féin,Sligo-Leitrim,constituency,
https://data.oireachtas.ie/ie/oireachtas/member/id/Sharon-Keogan.S.2020-03-30,Sharon Keogan,Sharon,Keogan,False,Sharon-Keogan.S.2020-03-30,27th Seanad,seanad,Independent,Industrial and Commercial Panel,panel,
https://data.oireachtas.ie/ie/oireachtas/member/id/Keira-Keogh.D.2024-11-29,Keira Keogh,Keira,Keogh,False,Keira-Keogh.D.2024-11-29,34th Dáil,dail,Fine Gael,Mayo,constituency,
https://data.oireachtas.ie/ie/oireachtas/member/id/Claire-Kerrane.D.2020-02-08,Claire Kerrane,Claire,Kerrane,False,Claire-Kerrane.D.2020-02-08,34th Dáil,dail,Sinn Féin,Roscommon-Galway,constituency,
https://data.oireachtas.ie/ie/oireachtas/member/id/Seán-Kyne.D.2011-03-09,Seán Kyne,Seán,Kyne,False,Seán-Kyne.D.2011-03-09,27th Seanad,seanad,Fine Gael,Cultural and Educational Panel,panel,
https://data.oireachtas.ie/ie/oireachtas/member/id/John-Lahart.D.2016-10-03,John Lahart,John,Lahart,False,John-Lahart.D.2016-10-03,34th Dáil,dail,Fianna Fáil,Dublin South-West,constituency,
https://data.oireachtas.ie/ie/oireachtas/member/id/James-Lawless.D.2016-10-03,James Lawless,James,Lawless,False,James-Lawless.D.2016-10-03,34th Dáil,dail,Fianna Fáil,Kildare North,constituency,
https://data.oireachtas.ie/ie/oireachtas/member/id/Paul-Lawless.D.2024-11-29,Paul Lawless,Paul,Lawless,False,Paul-Lawless.D.2024-11-29,34th Dáil,dail,Aontú,Mayo,constituency,
https://data.oireachtas.ie/ie/oireachtas/member/id/George-Lawlor.D.2024-11-29,George Lawlor,George,Lawlor,False,George-Lawlor.D.2024-11-29,34th Dáil,dail,Labour Party,Wexford,constituency,
https://data.oireachtas.ie/ie/oireachtas/member/id/Michael-Lowry.D.1987-03-10,Michael Lowry,Michael,Lowry,False,Michael-Lowry.D.1987-03-10,34th Dáil,dail,Independent,Tipperary North,constituency,
https://data.oireachtas.ie/ie/oireachtas/member/id/Eileen-Lynch.S.2025-01-29,Eileen Lynch,Eileen,Lynch,False,Eileen-Lynch.S.2025-01-29,27th Seanad,seanad,Fine Gael,Agricultural Panel,panel,
https://data.oireachtas.ie/ie/oireachtas/member/id/Pádraig-MacLochlainn.D.2011-03-09,Pádraig Mac Lochlainn,Pádraig,Mac Lochlainn,False,Pádraig-MacLochlainn.D.2011-03-09,34th Dáil,dail,Sinn Féin,Donegal,constituency,
https://data.oireachtas.ie/ie/oireachtas/member/id/Micheál-Martin.D.1989-06-29,Micheál Martin,Micheál,Martin,False,Micheál-Martin.D.1989-06-29,34th Dáil,dail,Fianna Fáil,Cork South-Central,constituency,
https://data.oireachtas.ie/ie/oireachtas/member/id/David-Maxwell.D.2024-11-29,David Maxwell,David,Maxwell,False,David-Maxwell.D.2024-11-29,34th Dáil,dail,Fine Gael,Cavan-Monaghan,constituency,
https://data.oireachtas.ie/ie/oireachtas/member/id/Paul-McAuliffe.D.2020-02-08,Paul McAuliffe,Paul,McAuliffe,False,Paul-McAuliffe.D.2020-02-08,34th Dáil,dail,Fianna Fáil,Dublin North-West,constituency,
https://data.oireachtas.ie/ie/oireachtas/member/id/Aubrey-McCarthy.S.2025-01-29,Aubrey McCarthy,Aubrey,McCarthy,False,Aubrey-McCarthy.S.2025-01-29,27th Seanad,seanad,Independent,University of Dublin,panel,
https://data.oireachtas.ie/ie/oireachtas/member/id/Noel-McCarthy.D.2024-11-29,Noel McCarthy,Noel,McCarthy,False,Noel-McCarthy.D.2024-11-29,34th Dáil,dail,Fine Gael,Cork East,constituency,
https://data.oireachtas.ie/ie/oireachtas/member/id/Charlie-McConalogue.D.2011-03-09,Charlie McConalogue,Charlie,McConalogue,False,Charlie-McConalogue.D.2011-03-09,34th Dáil,dail,Fianna Fáil,Donegal,constituency,
https://data.oireachtas.ie/ie/oireachtas/member/id/Maria-McCormack.S.2025-01-29,Maria McCormack,Maria,McCormack,False,Maria-McCormack.S.2025-01-29,27th Seanad,seanad,Sinn Féin,Labour Panel,panel,
https://data.oireachtas.ie/ie/oireachtas/member/id/Tony-McCormack.D.2024-11-29,Tony McCormack,Tony,McCormack,False,Tony-McCormack.D.2024-11-29,34th Dáil,dail,Fianna Fáil,Offaly,constituency,
https://data.oireachtas.ie/ie/oireachtas/member/id/Mary-Lou-McDonald.D.2011-03-09,Mary Lou McDonald,Mary Lou,McDonald,False,Mary-Lou-McDonald.D.2011-03-09,34th Dáil,dail,Sinn Féin,Dublin Central,constituency,
https://data.oireachtas.ie/ie/oireachtas/member/id/Michael-McDowell.D.1987-03-10,Michael McDowell,Michael,McDowell,False,Michael-McDowell.D.1987-03-10,27th Seanad,seanad,Independent,National University of Ireland,panel,
https://data.oireachtas.ie/ie/oireachtas/member/id/Helen-McEntee.D.2013-03-27,Helen McEntee,Helen,McEntee,False,Helen-McEntee.D.2013-03-27,34th Dáil,dail,Fine Gael,Meath East,constituency,
https://data.oireachtas.ie/ie/oireachtas/member/id/Donna-McGettigan.D.2024-11-29,Donna McGettigan,Donna,McGettigan,False,Donna-McGettigan.D.2024-11-29,34th Dáil,dail,Sinn Féin,Clare,constituency,
https://data.oireachtas.ie/ie/oireachtas/member/id/Mattie-McGrath.D.2007-06-14,Mattie McGrath,Mattie,McGrath,False,Mattie-McGrath.D.2007-06-14,34th Dáil,dail,Independent,Tipperary South,constituency,
https://data.oireachtas.ie/ie/oireachtas/member/id/Séamus-McGrath.D.2024-11-29,Séamus McGrath,Séamus,McGrath,False,Séamus-McGrath.D.2024-11-29,34th Dáil,dail,Fianna Fáil,Cork South-Central,constituency,
https://data.oireachtas.ie/ie/oireachtas/member/id/Erin-McGreehan.S.2020-06-29,Erin McGreehan,Erin,McGreehan,False,Erin-McGreehan.S.2020-06-29,34th Dáil,dail,Fianna Fáil,Louth,constituency,
https://data.oireachtas.ie/ie/oireachtas/member/id/Conor-D-McGuinness.D.2024-11-29,Conor D McGuinness,Conor D,McGuinness,False,Conor-D-McGuinness.D.2024-11-29,34th Dáil,dail,Sinn Féin,Waterford,constituency,
https://data.oireachtas.ie/ie/oireachtas/member/id/John-McGuinness.D.1997-06-26,John McGuinness,John,McGuinness,False,John-McGuinness.D.1997-06-26,34th Dáil,dail,Fianna Fáil,Carlow-Kilkenny,constituency,
https://data.oireachtas.ie/ie/oireachtas/member/id/Denise-Mitchell.D.2016-10-03,Denise Mitchell,Denise,Mitchell,False,Denise-Mitchell.D.2016-10-03,34th Dáil,dail,Sinn Féin,Dublin Bay North,constituency,
https://data.oireachtas.ie/ie/oireachtas/member/id/Kevin-Boxer-Moran.D.2016-10-03,Kevin Boxer Moran,Kevin Boxer,Moran,False,Kevin-Boxer-Moran.D.2016-10-03,34th Dáil,dail,Independent,Longford-Westmeath,constituency,
https://data.oireachtas.ie/ie/oireachtas/member/id/Aindrias-Moynihan.D.2016-10-03,Aindrias Moynihan,Aindrias,Moynihan,False,Aindrias-Moynihan.D.2016-10-03,34th Dáil,dail,Fianna Fáil,Cork North-West,constituency,
https://data.oireachtas.ie/ie/oireachtas/member/id/Michael-Moynihan.D.1997-06-26,Michael Moynihan,Michael,Moynihan,False,Michael-Moynihan.D.1997-06-26,34th Dáil,dail,Fianna Fáil,Cork North-West,constituency,
https://data.oireachtas.ie/ie/oireachtas/member/id/Shane-Moynihan.D.2024-11-29,Shane Moynihan,Shane,Moynihan,False,Shane-Moynihan.D.2024-11-29,34th Dáil,dail,Fianna Fáil,Dublin Mid-West,constituency,
https://data.oireachtas.ie/ie/oireachtas/member/id/Rónán-Mullen.S.2007-07-23,Rónán Mullen,Rónán,Mullen,False,Rónán-Mullen.S.2007-07-23,27th Seanad,seanad,Independent,National University of Ireland,panel,
https://data.oireachtas.ie/ie/oireachtas/member/id/Jennifer-Murnane-O'Connor.S.2016-04-25,Jennifer Murnane O'Connor,Jennifer,Murnane O'Connor,False,Jennifer-Murnane-O'Connor.S.2016-04-25,34th Dáil,dail,Fianna Fáil,Carlow-Kilkenny,constituency,
https://data.oireachtas.ie/ie/oireachtas/member/id/Conor-Murphy.S.2025-01-29,Conor Murphy,Conor,Murphy,False,Conor-Murphy.S.2025-01-29,27th Seanad,seanad,Sinn Féin,Industrial and Commercial Panel,panel,
https://data.oireachtas.ie/ie/oireachtas/member/id/Michael-Murphy.D.2024-11-29,Michael Murphy,Michael,Murphy,False,Michael-Murphy.D.2024-11-29,34th Dáil,dail,Fine Gael,Tipperary South,constituency,
https://data.oireachtas.ie/ie/oireachtas/member/id/PJ-Murphy.S.2025-01-29,PJ Murphy,PJ,Murphy,False,PJ-Murphy.S.2025-01-29,27th Seanad,seanad,Fine Gael,Agricultural Panel,panel,
https://data.oireachtas.ie/ie/oireachtas/member/id/Paul-Murphy.D.2014-10-10,Paul Murphy,Paul,Murphy,False,Paul-Murphy.D.2014-10-10,34th Dáil,dail,People Before Profit-Solidarity,Dublin South-West,constituency,
https://data.oireachtas.ie/ie/oireachtas/member/id/Verona-Murphy.D.2020-02-08,Verona Murphy,Verona,Murphy,False,Verona-Murphy.D.2020-02-08,34th Dáil,dail,Independent,Wexford,constituency,
https://data.oireachtas.ie/ie/oireachtas/member/id/Margaret-Murphy-O'Mahony.D.2016-10-03,Margaret Murphy O'Mahony,Margaret,Murphy O'Mahony,False,Margaret-Murphy-O'Mahony.D.2016-10-03,27th Seanad,seanad,Fianna Fáil,Labour Panel,panel,
https://data.oireachtas.ie/ie/oireachtas/member/id/Johnny-Mythen.D.2020-02-08,Johnny Mythen,Johnny,Mythen,False,Johnny-Mythen.D.2020-02-08,34th Dáil,dail,Sinn Féin,Wexford,constituency,
https://data.oireachtas.ie/ie/oireachtas/member/id/Gerald-Nash.D.2011-03-09,Ged Nash,Ged,Nash,False,Gerald-Nash.D.2011-03-09,34th Dáil,dail,Labour Party,Louth,constituency,
https://data.oireachtas.ie/ie/oireachtas/member/id/Hildegarde-Naughton.S.2013-07-19,Hildegarde Naughton,Hildegarde,Naughton,False,Hildegarde-Naughton.S.2013-07-19,34th Dáil,dail,Fine Gael,Galway West,constituency,
https://data.oireachtas.ie/ie/oireachtas/member/id/Linda-Nelson-Murray.S.2025-01-29,Linda Nelson Murray,Linda,Nelson Murray,False,Linda-Nelson-Murray.S.2025-01-29,27th Seanad,seanad,Fine Gael,Industrial and Commercial Panel,panel,
https://data.oireachtas.ie/ie/oireachtas/member/id/Joe-Neville.D.2024-11-29,Joe Neville,Joe,Neville,False,Joe-Neville.D.2024-11-29,34th Dáil,dail,Fine Gael,Kildare North,constituency,
https://data.oireachtas.ie/ie/oireachtas/member/id/Natasha-Newsome-Drennan.D.2024-11-29,Natasha Newsome Drennan,Natasha,Newsome Drennan,False,Natasha-Newsome-Drennan.D.2024-11-29,34th Dáil,dail,Sinn Féin,Carlow-Kilkenny,constituency,
https://data.oireachtas.ie/ie/oireachtas/member/id/Carol-Nolan.D.2016-10-03,Carol Nolan,Carol,Nolan,False,Carol-Nolan.D.2016-10-03,34th Dáil,dail,Independent,Offaly,constituency,
https://data.oireachtas.ie/ie/oireachtas/member/id/Malcolm-Noonan.D.2020-02-08,Malcolm Noonan,Malcolm,Noonan,False,Malcolm-Noonan.D.2020-02-08,27th Seanad,seanad,Green Party,Agricultural Panel,panel,
https://data.oireachtas.ie/ie/oireachtas/member/id/Evanne-Ní-Chuilinn.S.2025-01-29,Evanne Ní Chuilinn,Evanne,Ní Chuilinn,False,Evanne-Ní-Chuilinn.S.2025-01-29,27th Seanad,seanad,Fine Gael,Nominated by the Taoiseach,panel,
https://data.oireachtas.ie/ie/oireachtas/member/id/Shónagh-Ní-Raghallaigh.D.2024-11-29,Shónagh Ní Raghallaigh,Shónagh,Ní Raghallaigh,False,Shónagh-Ní-Raghallaigh.D.2024-11-29,34th Dáil,dail,Sinn Féin,Kildare South,constituency,
https://data.oireachtas.ie/ie/oireachtas/member/id/Darragh-O'Brien.D.2007-06-14,Darragh O'Brien,Darragh,O'Brien,False,Darragh-O'Brien.D.2007-06-14,34th Dáil,dail,Fianna Fáil,Dublin Fingal East,constituency,
https://data.oireachtas.ie/ie/oireachtas/member/id/Cian-O'Callaghan.D.2020-02-08,Cian O'Callaghan,Cian,O'Callaghan,False,Cian-O'Callaghan.D.2020-02-08,34th Dáil,dail,Social Democrats,Dublin Bay North,constituency,
https://data.oireachtas.ie/ie/oireachtas/member/id/Jim-O'Callaghan.D.2016-10-03,Jim O'Callaghan,Jim,O'Callaghan,False,Jim-O'Callaghan.D.2016-10-03,34th Dáil,dail,Fianna Fáil,Dublin Bay South,constituency,
https://data.oireachtas.ie/ie/oireachtas/member/id/Maeve-O'Connell.D.2024-11-29,Maeve O'Connell,Maeve,O'Connell,False,Maeve-O'Connell.D.2024-11-29,34th Dáil,dail,Fine Gael,Dublin Rathdown,constituency,
https://data.oireachtas.ie/ie/oireachtas/member/id/James-O'Connor.D.2020-02-08,James O'Connor,James,O'Connor,False,James-O'Connor.D.2020-02-08,34th Dáil,dail,Fianna Fáil,Cork East,constituency,
https://data.oireachtas.ie/ie/oireachtas/member/id/Willie-O'Dea.D.1982-03-09,Willie O'Dea,Willie,O'Dea,False,Willie-O'Dea.D.1982-03-09,34th Dáil,dail,Fianna Fáil,Limerick City,constituency,
https://data.oireachtas.ie/ie/oireachtas/member/id/Kieran-O'Donnell.D.2007-06-14,Kieran O'Donnell,Kieran,O'Donnell,False,Kieran-O'Donnell.D.2007-06-14,34th Dáil,dail,Fine Gael,Limerick City,constituency,
https://data.oireachtas.ie/ie/oireachtas/member/id/Richard-O'Donoghue.D.2020-02-08,Richard O'Donoghue,Richard,O'Donoghue,False,Richard-O'Donoghue.D.2020-02-08,34th Dáil,dail,Independent Ireland,Limerick County,constituency,
https://data.oireachtas.ie/ie/oireachtas/member/id/Robert-O'Donoghue.D.2024-11-29,Robert O'Donoghue,Robert,O'Donoghue,False,Robert-O'Donoghue.D.2024-11-29,34th Dáil,dail,Labour Party,Dublin Fingal West,constituency,
https://data.oireachtas.ie/ie/oireachtas/member/id/Noel-O'Donovan.S.2025-01-29,Noel O'Donovan,Noel,O'Donovan,False,Noel-O'Donovan.S.2025-01-29,27th Seanad,seanad,Fine Gael,Nominated by the Taoiseach,panel,
https://data.oireachtas.ie/ie/oireachtas/member/id/Patrick-O'Donovan.D.2011-03-09,Patrick O'Donovan,Patrick,O'Donovan,False,Patrick-O'Donovan.D.2011-03-09,34th Dáil,dail,Fine Gael,Limerick County,constituency,
https://data.oireachtas.ie/ie/oireachtas/member/id/Ken-O'Flynn.D.2024-11-29,Ken O'Flynn,Ken,O'Flynn,False,Ken-O'Flynn.D.2024-11-29,34th Dáil,dail,Independent Ireland,Cork North-Central,constituency,
https://data.oireachtas.ie/ie/oireachtas/member/id/Roderic-O'Gorman.D.2020-02-08,Roderic O'Gorman,Roderic,O'Gorman,False,Roderic-O'Gorman.D.2020-02-08,34th Dáil,dail,Green Party,Dublin West,constituency,
https://data.oireachtas.ie/ie/oireachtas/member/id/Louis-O'Hara.D.2024-11-29,Louis O'Hara,Louis,O'Hara,False,Louis-O'Hara.D.2024-11-29,34th Dáil,dail,Sinn Féin,Galway East,constituency,
https://data.oireachtas.ie/ie/oireachtas/member/id/Fiona-O'Loughlin.D.2016-10-03,Fiona O'Loughlin,Fiona,O'Loughlin,False,Fiona-O'Loughlin.D.2016-10-03,27th Seanad,seanad,Fianna Fáil,Administrative Panel,panel,
https://data.oireachtas.ie/ie/oireachtas/member/id/Ryan-O'Meara.D.2024-11-29,Ryan O'Meara,Ryan,O'Meara,False,Ryan-O'Meara.D.2024-11-29,34th Dáil,dail,Fianna Fáil,Tipperary North,constituency,
https://data.oireachtas.ie/ie/oireachtas/member/id/Joe-O'Reilly.S.1989-10-01,Joe O'Reilly,Joe,O'Reilly,False,Joe-O'Reilly.S.1989-10-01,27th Seanad,seanad,Fine Gael,Labour Panel,panel,
https://data.oireachtas.ie/ie/oireachtas/member/id/Louise-O'Reilly.D.2016-10-03,Louise O'Reilly,Louise,O'Reilly,False,Louise-O'Reilly.D.2016-10-03,34th Dáil,dail,Sinn Féin,Dublin Fingal West,constituency,
https://data.oireachtas.ie/ie/oireachtas/member/id/Sarah-O'Reilly.S.2025-01-29,Sarah O'Reilly,Sarah,O'Reilly,False,Sarah-O'Reilly.S.2025-01-29,27th Seanad,seanad,Aontú,Agricultural Panel,panel,
https://data.oireachtas.ie/ie/oireachtas/member/id/Darren-O'Rourke.D.2020-02-08,Darren O'Rourke,Darren,O'Rourke,False,Darren-O'Rourke.D.2020-02-08,34th Dáil,dail,Sinn Féin,Meath East,constituency,
https://data.oireachtas.ie/ie/oireachtas/member/id/John-Paul-O'Shea.D.2024-11-29,John Paul O'Shea,John Paul,O'Shea,False,John-Paul-O'Shea.D.2024-11-29,34th Dáil,dail,Fine Gael,Cork North-West,constituency,
https://data.oireachtas.ie/ie/oireachtas/member/id/Christopher-O'Sullivan.D.2020-02-08,Christopher O'Sullivan,Christopher,O'Sullivan,False,Christopher-O'Sullivan.D.2020-02-08,34th Dáil,dail,Fianna Fáil,Cork South-West,constituency,
https://data.oireachtas.ie/ie/oireachtas/member/id/Pádraig-O'Sullivan.D.2019-11-29,Pádraig O'Sullivan,Pádraig,O'Sullivan,False,Pádraig-O'Sullivan.D.2019-11-29,34th Dáil,dail,Fianna Fáil,Cork North-Central,constituency,
https://data.oireachtas.ie/ie/oireachtas/member/id/Liam-Quaide.D.2024-11-29,Liam Quaide,Liam,Quaide,False,Liam-Quaide.D.2024-11-29,34th Dáil,dail,Social Democrats,Cork East,constituency,
https://data.oireachtas.ie/ie/oireachtas/member/id/Maurice-Quinlivan.D.2016-10-03,Maurice Quinlivan,Maurice,Quinlivan,False,Maurice-Quinlivan.D.2016-10-03,34th Dáil,dail,Sinn Féin,Limerick City,constituency,
https://data.oireachtas.ie/ie/oireachtas/member/id/Anne-Rabbitte.D.2016-10-03,Anne Rabbitte,Anne,Rabbitte,False,Anne-Rabbitte.D.2016-10-03,27th Seanad,seanad,Fianna Fáil,Nominated by the Taoiseach,panel,
https://data.oireachtas.ie/ie/oireachtas/member/id/Pádraig-Rice.D.2024-11-29,Pádraig Rice,Pádraig,Rice,False,Pádraig-Rice.D.2024-11-29,34th Dáil,dail,Social Democrats,Cork South-Central,constituency,
https://data.oireachtas.ie/ie/oireachtas/member/id/Neale-Richmond.S.2016-04-25,Neale Richmond,Neale,Richmond,False,Neale-Richmond.S.2016-04-25,34th Dáil,dail,Fine Gael,Dublin Rathdown,constituency,
https://data.oireachtas.ie/ie/oireachtas/member/id/Peter-Roche.D.2024-11-29,Peter Roche,Peter,Roche,False,Peter-Roche.D.2024-11-29,34th Dáil,dail,Fine Gael,Galway East,constituency,
https://data.oireachtas.ie/ie/oireachtas/member/id/Lynn-Ruane.S.2016-04-25,Lynn Ruane,Lynn,Ruane,False,Lynn-Ruane.S.2016-04-25,27th Seanad,seanad,Independent,University of Dublin,panel,
https://data.oireachtas.ie/ie/oireachtas/member/id/Dee-Ryan.S.2025-01-29,Dee Ryan,Dee,Ryan,False,Dee-Ryan.S.2025-01-29,27th Seanad,seanad,Fianna Fáil,Nominated by the Taoiseach,panel,
https://data.oireachtas.ie/ie/oireachtas/member/id/Nicole-Ryan.S.2025-01-29,Nicole Ryan,Nicole,Ryan,False,Nicole-Ryan.S.2025-01-29,27th Seanad,seanad,Sinn Féin,Administrative Panel,panel,
https://data.oireachtas.ie/ie/oireachtas/member/id/Gareth-Scahill.S.2025-01-29,Gareth Scahill,Gareth,Scahill,False,Gareth-Scahill.S.2025-01-29,27th Seanad,seanad,Fine Gael,Nominated by the Taoiseach,panel,
https://data.oireachtas.ie/ie/oireachtas/member/id/Eamon-Scanlon.S.2002-09-12,Eamon Scanlon,Eamon,Scanlon,False,Eamon-Scanlon.S.2002-09-12,34th Dáil,dail,Fianna Fáil,Sligo-Leitrim,constituency,
https://data.oireachtas.ie/ie/oireachtas/member/id/Conor-Sheehan.D.2024-11-29,Conor Sheehan,Conor,Sheehan,False,Conor-Sheehan.D.2024-11-29,34th Dáil,dail,Labour Party,Limerick City,constituency,
https://data.oireachtas.ie/ie/oireachtas/member/id/Marie-Sherlock.S.2020-03-30,Marie Sherlock,Marie,Sherlock,False,Marie-Sherlock.S.2020-03-30,34th Dáil,dail,Labour Party,Dublin Central,constituency,
https://data.oireachtas.ie/ie/oireachtas/member/id/Brendan-Smith.D.1992-12-14,Brendan Smith,Brendan,Smith,False,Brendan-Smith.D.1992-12-14,34th Dáil,dail,Fianna Fáil,Cavan-Monaghan,constituency,
https://data.oireachtas.ie/ie/oireachtas/member/id/Duncan-Smith.D.2020-02-08,Duncan Smith,Duncan,Smith,False,Duncan-Smith.D.2020-02-08,34th Dáil,dail,Labour Party,Dublin Fingal East,constituency,
https://data.oireachtas.ie/ie/oireachtas/member/id/Niamh-Smyth.D.2016-10-03,Niamh Smyth,Niamh,Smyth,False,Niamh-Smyth.D.2016-10-03,34th Dáil,dail,Fianna Fáil,Cavan-Monaghan,constituency,
https://data.oireachtas.ie/ie/oireachtas/member/id/Brian-Stanley.D.2011-03-09,Brian Stanley,Brian,Stanley,False,Brian-Stanley.D.2011-03-09,34th Dáil,dail,Independent,Laois,constituency,
https://data.oireachtas.ie/ie/oireachtas/member/id/Patricia-Stephenson.S.2025-01-29,Patricia Stephenson,Patricia,Stephenson,False,Patricia-Stephenson.S.2025-01-29,27th Seanad,seanad,Social Democrats,Labour Panel,panel,
https://data.oireachtas.ie/ie/oireachtas/member/id/Edward-Timmins.D.2024-11-29,Edward Timmins,Edward,Timmins,False,Edward-Timmins.D.2024-11-29,34th Dáil,dail,Fine Gael,Wicklow,constituency,
https://data.oireachtas.ie/ie/oireachtas/member/id/Gillian-Toole.D.2024-11-29,Gillian Toole,Gillian,Toole,False,Gillian-Toole.D.2024-11-29,34th Dáil,dail,Independent,Meath East,constituency,
https://data.oireachtas.ie/ie/oireachtas/member/id/Robert-Troy.D.2011-03-09,Robert Troy,Robert,Troy,False,Robert-Troy.D.2011-03-09,34th Dáil,dail,Fianna Fáil,Longford-Westmeath,constituency,
https://data.oireachtas.ie/ie/oireachtas/member/id/Pauline-Tully.D.2020-02-08,Pauline Tully,Pauline,Tully,False,Pauline-Tully.D.2020-02-08,27th Seanad,seanad,Sinn Féin,Cultural and Educational Panel,panel,
https://data.oireachtas.ie/ie/oireachtas/member/id/Peadar-Tóibín.D.2011-03-09,Peadar Tóibín,Peadar,Tóibín,False,Peadar-Tóibín.D.2011-03-09,34th Dáil,dail,Aontú,Meath West,constituency,
https://data.oireachtas.ie/ie/oireachtas/member/id/Mark-Wall.S.2020-03-30,Mark Wall,Mark,Wall,False,Mark-Wall.S.2020-03-30,34th Dáil,dail,Labour Party,Kildare South,constituency,
https://data.oireachtas.ie/ie/oireachtas/member/id/Barry-Ward.S.2020-03-30,Barry Ward,Barry,Ward,False,Barry-Ward.S.2020-03-30,34th Dáil,dail,Fine Gael,Dún Laoghaire,constituency,
https://data.oireachtas.ie/ie/oireachtas/member/id/Charles-Ward.D.2024-11-29,Charles Ward,Charles,Ward,False,Charles-Ward.D.2024-11-29,34th Dáil,dail,100% RDR,Donegal,constituency,
https://data.oireachtas.ie/ie/oireachtas/member/id/Mark-Ward.D.2019-11-29,Mark Ward,Mark,Ward,False,Mark-Ward.D.2019-11-29,34th Dáil,dail,Sinn Féin,Dublin Mid-West,constituency,
https://data.oireachtas.ie/ie/oireachtas/member/id/Jennifer-Whitmore.D.2020-02-08,Jennifer Whitmore,Jennifer,Whitmore,False,Jennifer-Whitmore.D.2020-02-08,34th Dáil,dail,Social Democrats,Wicklow,constituency,
https://data.oireachtas.ie/ie/oireachtas/member/id/Diarmuid-Wilson.S.2002-09-12,Diarmuid Wilson,Diarmuid,Wilson,False,Diarmuid-Wilson.S.2002-09-12,27th Seanad,seanad,Fianna Fáil,Administrative Panel,panel,
https://data.oireachtas.ie/ie/oireachtas/member/id/Eoin-Ó-Broin.D.2016-10-03,Eoin Ó Broin,Eoin,Ó Broin,False,Eoin-Ó-Broin.D.2016-10-03,34th Dáil,dail,Sinn Féin,Dublin Mid-West,constituency,
https://data.oireachtas.ie/ie/oireachtas/member/id/Naoise-Ó-Cearúil.D.2024-11-29,Naoise Ó Cearúil,Naoise,Ó Cearúil,False,Naoise-Ó-Cearúil.D.2024-11-29,34th Dáil,dail,Fianna Fáil,Kildare North,constituency,
https://data.oireachtas.ie/ie/oireachtas/member/id/Seán-Ó-Fearghaíl.S.2000-06-09,Seán Ó Fearghaíl,Seán,Ó Fearghaíl,False,Seán-Ó-Fearghaíl.S.2000-06-09,34th Dáil,dail,Fianna Fáil,Kildare South,constituency,
https://data.oireachtas.ie/ie/oireachtas/member/id/Donnchadh-Ó-Laoghaire.D.2016-10-03,Donnchadh Ó Laoghaire,Donnchadh,Ó Laoghaire,False,Donnchadh-Ó-Laoghaire.D.2016-10-03,34th Dáil,dail,Sinn Féin,Cork South-Central,constituency,
https://data.oireachtas.ie/ie/oireachtas/member/id/Naoise-Ó-Muirí.D.2024-11-29,Naoise Ó Muirí,Naoise,Ó Muirí,False,Naoise-Ó-Muirí.D.2024-11-29,34th Dáil,dail,Fine Gael,Dublin Bay North,constituency,
https://data.oireachtas.ie/ie/oireachtas/member/id/Ruairí-Ó-Murchú.D.2020-02-08,Ruairí Ó Murchú,Ruairí,Ó Murchú,False,Ruairí-Ó-Murchú.D.2020-02-08,34th Dáil,dail,Sinn Féin,Louth,constituency,
https://data.oireachtas.ie/ie/oireachtas/member/id/Aengus-Ó-Snodaigh.D.2002-06-06,Aengus Ó Snodaigh,Aengus,Ó Snodaigh,False,Aengus-Ó-Snodaigh.D.2002-06-06,34th Dáil,dail,Sinn Féin,Dublin South-Central,constituency,
https://data.oireachtas.ie/ie/oireachtas/member/id/Fionntán-Ó-Súilleabháin.D.2024-11-29,Fionntán Ó Súilleabháin,Fionntán,Ó Súilleabháin,False,Fionntán-Ó-Súilleabháin.D.2024-11-29,34th Dáil,dail,Sinn Féin,Wicklow-Wexford,constituency,
